ID,실거래명,동,시군구코드,K-apt코드,K-apt명,실거래준공,K-apt준공,년도차이,세대수,주소,검증결과,비고
11921,"대풍푸른들","원종동",41196,A42120004,"대풍푸른들",2008,,2008,68,"경기도 부천오정구 원종동 67-5 대풍푸른들",검토필요,
11984,"서광아침의빛","박달동",41171,A43003005,"서광아침의빛",2007,,2007,62,"경기도 안양만안구 박달동 57-7 서광아침의빛",검토필요,
12085,"신일해피트리","관양동",41173,A43106008,"신일해피트리",2007,,2007,80,"경기도 안양동안구 관양동 1455 신일해피트리",검토필요,
12556,"동일파크스위트","삼성동",11680,A13509015,"동일파크스위트",2007,,2007,36,"서울특별시 강남구 삼성동 100-14 동일파크스위트",검토필요,
11242,"우리빌","수진동",41131,A46118001,"우리빌주상복합",2005,,2005,84,"경기도 성남수정구 수진동 2965 우리빌주상복합",검토필요,
12092,"한울네세창","망우동",11260,A13123004,"한울네세창",2005,,2005,55,"서울특별시 중랑구 망우동 579 한울네세창",검토필요,
12225,"짜임","박달동",41171,A43003006,"세창짜임",2005,,2005,70,"경기도 안양만안구 박달동 64-1 세창짜임",검토필요,
12234,"대안탐스빌산마루","안양동",41171,A43073101,"대안탐스빌산마루",2005,,2005,65,"경기도 안양만안구 안양동 398-35 대안탐스빌산마루",검토필요,
12530,"우장산휴먼빌","화곡동",11500,A15701005,"우장산휴먼빌",2005,,2005,62,"서울특별시 강서구 화곡동 1156 우장산휴먼빌",검토필요,
11803,"침산메트로","침산동",27230,A70205005,"침산메트로",2003,,2003,96,"대구광역시 북구 침산동 430-2 침산메트로",검토필요,
11551,"수산오성","내발산동",11500,A15728014,"수산오성",2002,,2002,85,"서울특별시 강서구 내발산동 721-3 수산오성",검토필요,
12387,"부미아띠랑스힐","봉천동",11620,A15105007,"부미아띠랑스힐",2002,,2002,53,"서울특별시 관악구 봉천동 1715 부미아띠랑스힐",검토필요,
11432,"대치효성","대치동",11680,A13528008,"대치효성",1999,,1999,83,"서울특별시 강남구 대치동 988-4 대치효성",검토필요,
12229,"일신강변","면목동",11260,A13175101,"일신강변",1999,,1999,62,"서울특별시 중랑구 면목동 1520 일신강변",검토필요,
11532,"동보","오류동",11530,A15278201,"동보",1998,,1998,90,"서울특별시 구로구 오류동 337 동보",검토필요,
11700,"갑을","봉천동",11620,A15176603,"봉천갑을",1998,,1998,95,"서울특별시 관악구 봉천동 1700 봉천갑을",검토필요,
12249,"극동옥정","옥수동",11200,A13375909,"극동옥정",1998,,1998,72,"서울특별시 성동구 옥수동 557 극동옥정",검토필요,
10835,"한울2","율량동",43114,A36071607,"한울2차",1996,,1996,96,"충청북도 청주청원구 율량동 724-1 한울2차",검토필요,
11238,"성원","둔촌동",11740,A13406007,"둔촌성원",1995,,1995,74,"서울특별시 강동구 둔촌동 613 둔촌성원",검토필요,
11887,"명일진로","명일동",11740,A13478602,"명일진로",1994,,1994,68,"서울특별시 강동구 명일동 47-12 명일진로",검토필요,
12346,"경남무지개","함양읍 용평리",48870,A67680105,"경남무지개",1994,,1994,35,"경상남도 함양군 함양읍 용평리 595-3 경남무지개",검토필요,
11654,"경원","신내동",11260,A13178102,"경원",1989,,1989,80,"서울특별시 중랑구 신내동 449-1 경원",검토필요,
12629,"동대구","신암동",27140,A10022700,"동대구역 센텀 화성파크드림",1979,2025,46,1458,"대구광역시 동구 신암동 139-69 동대구역 센텀 화성파크드림",검토필요,
6769,"남산","남산동",48123,A10023856,"남산자이하늘채",1977,2022,45,1368,"대구광역시 중구 남산동 2951-1 남산자이하늘채",검토필요,
12468,"용인","김량장동",41461,A10022681,"용인드마크데시앙",1979,2024,45,1308,"경기도 용인처인구 김량장동 309-1 용인드마크데시앙",검토필요,
12866,"남산","남산동",47150,A10023856,"남산자이하늘채",1977,2022,45,1368,"대구광역시 중구 남산동 2951-1 남산자이하늘채",검토필요,
11219,"동원","당감동",26230,A10023021,"서면 비스타동원",1980,2024,44,806,"부산광역시 부산진구 당감동 573-89 서면 비스타동원",검토필요,
11914,"서면","전포동",26230,A10024602,"서면아이파크아파트",1976,2020,44,2144,"부산광역시 부산진구 전포동 268 서면아이파크아파트",검토필요,
12489,"상무","쌍촌동",29140,A10020673,"상무센트럴자이",1981,2025,44,903,"광주광역시 서구 쌍촌동 600 상무센트럴자이",검토필요,
12499,"월산","월산동",29155,A10020913,"힐스테이트 월산아파트",1981,2024,43,741,"광주광역시 남구 월산동 1073- 힐스테이트 월산아파트",검토필요,
12837,"백양","부암동",26230,A10020721,"백양산서희스타힐스",1982,2025,43,1295,"부산광역시 부산진구 부암동 610-88 백양산서희스타힐스",검토필요,
13060,"초읍","초읍동",26230,A10024953,"포레나부산초읍",1977,2020,43,1113,"부산광역시 부산진구 초읍동 676 포레나부산초읍",검토필요,
12027,"옥수","옥수동",11200,A10026748,"옥수파크힐스아파트",1975,2016,41,1976,"서울특별시 성동구 옥수동 528 옥수파크힐스아파트",검토필요,
11195,"무진","우산동",29170,A10023889,"무진로진아리채리버뷰",1982,2022,40,558,"광주광역시 광산구 우산동 1633 무진로진아리채리버뷰",검토필요,
12056,"산호","산호동",48125,A10026451,"산호경동리인",1978,2018,40,450,"경상남도 창원마산합포구 산호동 646 산호경동리인",검토필요,
12120,"동원","연산동",26470,A10025135,"시청역 비스타동원아파트",1979,2019,40,740,"부산광역시 연제구 연산동 1445-11 시청역 비스타동원아파트",검토필요,
12157,"더샵둔촌포레","둔촌동",11740,A10021705,"더샵둔촌포레",1984,2024,40,572,"서울특별시 강동구 둔촌동 30-4 더샵둔촌포레",검토필요,
12657,"정동","정동",11140,A41383212,"청석마을 운정동문디이스트",1965,2005,40,1026,"경기도 파주시 다율동 982 청석마을 운정동문디이스트",검토필요,
12333,"효성","범어동",27260,A10026472,"범어효성해링턴플레이스",1979,2018,39,179,"대구광역시 수성구 범어동 75-2 범어효성해링턴플레이스",검토필요,
12491,"효창","효창동",11170,A14074101,"효창파크푸르지오",1972,2010,38,307,"서울특별시 용산구 효창동 274 효창파크푸르지오",검토필요,
11220,"동원","부곡동",26410,A10025896,"온천장역동원로얄듀크아파트",1981,2018,37,210,"부산광역시 금정구 부곡동 977 온천장역동원로얄듀크아파트",검토필요,
12089,"양지","양지면 양지리",41461,A10022586,"용인 양지동문디이스트 아파트",1987,2023,36,175,"경기도 용인처인구 양지면 양지리 474-3 용인 양지동문디이스트 아파트",검토필요,
11662,"양산","북부동",48330,A10025152,"양산 지안스로가아파트",1984,2019,35,612,"경상남도 양산시 북부동 883 양산 지안스로가아파트",검토필요,
12345,"강변","입암동",51150,A10025303,"강변코아루오투리움",1984,2019,35,427,"강원특별자치도 강릉시 입암동 712 강변코아루오투리움",검토필요,
12613,"충정","충정로3가",11410,A12070201,"충정리시온",1969,2004,35,258,"서울특별시 서대문구 충정로3가 465 충정리시온",검토필요,
12289,"삼일","우암동",43114,A10027331,"우암 삼일 브리제하임 아파트",1982,2016,34,181,"충청북도 청주청원구 우암동 1210 우암 삼일 브리제하임 아파트",검토필요,
10914,"양수","호계동",41173,A10026673,"호계2차한양수자인",1984,2017,33,520,"울산광역시 북구 호계동  호계2차한양수자인",검토필요,
11764,"평택","비전동",41220,A45015006,"평택소사벌휴먼시아1단지",1979,2012,33,1060,"경기도 평택시 비전동 1005 평택소사벌휴먼시아1단지",검토필요,
12186,"동아","양덕동",48127,A10026432,"마산 양덕 동아위드필하임",1984,2017,33,153,"경상남도 창원마산회원구 양덕동 77-8 마산 양덕 동아위드필하임",검토필요,
12261,"봉황","봉황동",48250,A10026919,"e편한세상 봉황역아파트",1984,2017,33,936,"경상남도 김해시 봉황동 886 e편한세상 봉황역아파트",검토필요,
5530,"김포","사우동",41570,A10026284,"김포 사우 아이파크",1986,2018,32,1300,"경기도 김포시 사우동 1481 김포 사우 아이파크",검토필요,
11531,"인왕","홍제동",11410,A12078705,"홍제인왕산현대",1968,2000,32,700,"서울특별시 서대문구 홍제동 460 홍제인왕산현대",검토필요,
11951,"태화","신정동",31140,A68070101,"태화강엑슬루타워",1979,2011,32,355,"울산광역시 남구 신정동 1880 태화강엑슬루타워",검토필요,
12008,"성북","성북동",11290,A13612002,"성북동아에코빌",1971,2003,32,1253,"서울특별시 성북구 상월곡동 101 성북동아에코빌",검토필요,
12309,"경화","경화동",48129,A10027134,"경화동 두산위브아파트",1985,2017,32,462,"경상남도 창원진해구 경화동 1334 경화동 두산위브아파트",검토필요,
12495,"망미","망미동",26500,A61313002,"망미동the#파크리치",1975,2007,32,862,"부산광역시 수영구 망미동 693-1 망미동the#파크리치",검토필요,
5199,"한신","괴정동",30170,A10023969,"사하한신더휴아파트",1991,2022,31,835,"부산광역시 사하구 괴정동 218-32 사하한신더휴아파트",검토필요,
11793,"삼성","삼성동",30110,A13509012,"삼성힐스테이트1단지",1977,2008,31,1144,"서울특별시 강남구 삼성동 16-2 삼성힐스테이트1단지",검토필요,
12322,"신목","목동",11470,A10023219,"신목동파라곤아파트",1992,2023,31,299,"서울특별시 양천구 신월동 1085 신목동파라곤아파트",검토필요,
12585,"중흥","중흥동",29170,A10027860,"중흥영무예다음아파트",1984,2015,31,309,"광주광역시 북구 중흥동 252 중흥영무예다음아파트",검토필요,
10221,"충무","권곡동",44200,A33671202,"아산충무서해그랑블2차",1979,2009,30,537,"충청남도 아산시 권곡동 96-1 아산충무서해그랑블2차",검토필요,
11447,"옥계","옥계동",30140,A73077107,"옥계현진에버빌엠파이어",1979,2009,30,1378,"경상북도 구미시 옥계동 909 옥계현진에버빌엠파이어",검토필요,
12492,"한양","금암동",52113,A10026049,"계룡한양아이클래스",1985,2015,30,209,"충청남도 계룡시 금암동 163-3 계룡한양아이클래스",검토필요,
10507,"모아","신안동",29170,A10024765,"신안동 모아엘가 더스카이",1991,2020,29,199,"광주광역시 북구 신안동 821 신안동 모아엘가 더스카이",검토필요,
12868,"대성","대성동",43111,A10027700,"목포 대성 LH천년나무 아파트",1986,2015,29,1391,"전라남도 목포시 대성동 222 목포 대성 LH천년나무 아파트",검토필요,
8919,"동원","가야동",26230,A61479503,"가야동원로얄듀크",1985,2013,28,298,"부산광역시 부산진구 가야동 128-1 가야동원로얄듀크",검토필요,
12012,"동남","연동",50110,A10025065,"제주연동남해오네뜨",1991,2019,28,216,"제주특별자치도 제주시 연동 300-3 제주연동남해오네뜨",검토필요,
12047,"장림","장림동",26380,A60474002,"장림동원로얄듀크",1978,2005,27,1973,"부산광역시 사하구 장림동 875 장림동원로얄듀크",검토필요,
12338,"원곡","원곡면 외가천리",41550,A10026108,"안성원곡제일오투그란데",1991,2018,27,797,"경기도 안성시 원곡면 외가천리 228-12 안성원곡제일오투그란데",검토필요,
6616,"남양","호평동",41360,A47278815,"남양주호평6단지",1984,2010,26,755,"경기도 남양주시 호평동 712 남양주호평6단지",검토필요,
11666,"보라","월산동",29155,A10024138,"반도 유보라 더 퍼스트 아파트",1996,2022,26,889,"광주광역시 남구 월산동 1065 반도 유보라 더 퍼스트 아파트",검토필요,
11742,"자양","자양동",11215,A14319012,"자양더샵스타시티",1981,2007,26,1177,"서울특별시 광진구 자양동 227-7 자양더샵스타시티",검토필요,
12172,"올림픽","내동",48123,A10027354,"올림픽파크한양수자인",1990,2016,26,482,"서울특별시 강동구 성내동 547-1 올림픽파크한양수자인",검토필요,
12650,"연지","연지동",52180,A61478901,"연지자이2차",1985,2011,26,1011,"부산광역시 부산진구 연지동 406 연지자이2차",검토필요,
11253,"관악","신림동",11620,A15101504,"관악산휴먼시아",1983,2008,25,2810,"서울특별시 관악구 신림동 1735 관악산휴먼시아",검토필요,
11865,"율전","율전동",41111,A44072412,"율전밤꽃마을뜨란채",1980,2005,25,1078,"경기도 수원장안구 율전동 546 율전밤꽃마을뜨란채",검토필요,
12416,"보성","보성읍 보성리",46780,A10026538,"보성센트럴뷰아파트",1991,2016,25,167,"전라남도 보성군 보성읍 보성리 93-1 보성센트럴뷰아파트",검토필요,
9550,"주공1","부곡동",47150,A62183326,"장유월산주공14단지",1980,2004,24,410,"경상남도 김해시 부곡동 805-4 장유월산주공14단지",검토필요,
11373,"문현","문현동",26290,A60804003,"문현동삼성아파트",1977,2001,24,916,"부산광역시 남구 문현동 395 문현동삼성아파트",검토필요,
12736,"구성","언남동",41463,A10024208,"힐스테이트 구성 아파트",1999,2023,24,699,"경기도 용인기흥구 언남동 315 힐스테이트 구성 아파트",검토필요,
5435,"대원","증포동",41500,A10025379,"이천증포 대원칸타빌아파트",1996,2019,23,346,"경기도 이천시 증포동 498 이천증포 대원칸타빌아파트",검토필요,
11211,"삼한","금사동",26410,A10027872,"금사삼한사랑채",1992,2015,23,264,"부산광역시 금정구 금사동 565 금사삼한사랑채",검토필요,
12009,"송현","송현동",27290,A40104007,"송현솔빛마을주공1차아파트",1980,2003,23,2711,"인천광역시 동구 송현동 154 송현솔빛마을주공1차아파트",검토필요,
12293,"용산","용산동",29110,A70492319,"용산롯데캐슬그랜드",1981,2004,23,1619,"대구광역시 달서구 용산동 230-10 용산롯데캐슬그랜드",검토필요,
12517,"부곡","부곡동",26410,A60970301,"부곡대우아파트",1976,1999,23,1270,"부산광역시 금정구 부곡동 244-7 부곡대우아파트",검토필요,
12548,"괴산","괴산읍 동부리",43760,A36780502,"괴산동부",1985,2008,23,310,"충청북도 괴산군 괴산읍 동부리 795 괴산동부",검토필요,
7829,"신동아","방배동",11650,A10025472,"신동아럭스빌아파트",1981,2003,22,55,"서울특별시 서초구 방배동 1026-14 신동아럭스빌아파트",검토필요,
8518,"수안","수안동",26260,A60782301,"수안동조성하이츠아파트",1976,1998,22,163,"부산광역시 동래구 수안동 32-3 수안동조성하이츠아파트",검토필요,
11421,"호계마젤란21","호계동",41173,A43108013,"호계마젤란21",2006,1984,22,190,"경기도 안양동안구 호계동 843-1 호계마젤란21",검토필요,
11506,"반도","온천동",26260,A60784207,"온천동반도보라스카이뷰",1984,2006,22,1149,"부산광역시 동래구 온천동 1412-1 온천동반도보라스카이뷰",검토필요,
12288,"부영","덕천동",26320,A61610001,"부영벽산파라빌",1983,2005,22,212,"부산광역시 북구 덕천동 372-1 부영벽산파라빌",검토필요,
12662,"삼성","봉천동",11620,A15105004,"보라매삼성",1974,1996,22,710,"서울특별시 관악구 봉천동 1698-1 보라매삼성",검토필요,
12792,"숭의","숭의동",28177,A10020903,"힐스테이트 숭의역",2003,2025,22,748,"인천광역시 미추홀구 숭의동 362-19 힐스테이트 숭의역",검토필요,
12475,"대신","중동",41192,A61284601,"해운대신시가지경동메르빌아파트",1984,2005,21,203,"부산광역시 해운대구 중동 718-6 해운대신시가지경동메르빌아파트",검토필요,
12753,"비산","비산동",41173,A43105004,"비산삼성래미안아파트",1982,2003,21,3806,"경기도 안양동안구 비산동 425 비산삼성래미안아파트",검토필요,
7006,"밀양삼문","삼문동",48270,A62775007,"밀양삼문휴먼시아",1989,2009,20,861,"경상남도 밀양시 삼문동 567 밀양삼문휴먼시아",검토필요,
9782,"청천","청천동",28237,A40376609,"청천푸르지오아파트",1978,1998,20,2257,"인천광역시 부평구 청천동 176 청천푸르지오아파트",검토필요,
10844,"석수","석수동",41171,A43070506,"석수e편한세상",1982,2002,20,1908,"경기도 안양만안구 석수동 182-2 석수e편한세상",검토필요,
3050,"한신","구로동",11530,A15205303,"구로한신휴플러스",1988,2007,19,498,"서울특별시 구로구 구로동 1280 구로한신휴플러스",검토필요,
7784,"경동","연산동",26470,A61108003,"연산경동메르빌",1994,2013,19,470,"부산광역시 연제구 연산동 2298 연산경동메르빌",검토필요,
10784,"교동","교동",31110,A21010002,"교동1주공아파트",1980,1999,19,1019,"강원특별자치도 강릉시 교동 1750 교동1주공아파트",검토필요,
11554,"벽산","목동",11470,A41383130,"벽산우남연리지",1991,2010,19,958,"경기도 파주시 목동동 667 벽산우남연리지",검토필요,
11774,"방주기픈샘","신월동",11470,A10020653,"방주기픈샘1차아파트",2004,2023,19,82,"서울특별시 양천구 신월동 1030- 방주기픈샘1차아파트",검토필요,
12801,"신안","산정동",46110,A53035018,"신안비치팔레스1차아파트입주자대표회의",1984,2003,19,802,"전라남도 목포시 산정동 1152 신안비치팔레스1차아파트입주자대표회의",검토필요,
2427,"기안파인골드빌2차","팔봉동",52140,A57099701,"기안파인골드빌2차",2023,2005,18,496,"전북특별자치도 익산시 팔봉동 313 기안파인골드빌2차",검토필요,
9391,"배산제일","모현동1가",52140,A57075713,"배산제일풍경채에듀파크아파트",1994,2012,18,676,"전북특별자치도 익산시 모현동1가 883 배산제일풍경채에듀파크아파트",검토필요,
9623,"삼익","안양동",41171,A43108304,"호계삼익",1978,1996,18,261,"경기도 안양동안구 호계동 766-4 호계삼익",검토필요,
9746,"우림필유","마동",52140,A54577001,"광양중마우림필유아파트",1994,2012,18,803,"전라남도 광양시 마동 1161 광양중마우림필유아파트",검토필요,
11852,"주공","주문진읍 교항리",51150,A21080103,"교항2주공아파트",1982,2000,18,475,"강원특별자치도 강릉시 주문진읍 교항리 1256 교항2주공아파트",검토필요,
12082,"도원","도원동",27110,A14007002,"도원삼성래미안",1983,2001,18,1458,"서울특별시 용산구 도원동 23 도원삼성래미안",검토필요,
12303,"성원","화서동",41115,A44285708,"화서성원상떼빌",1983,2001,18,508,"경기도 수원팔달구 화서동 11-11 화서성원상떼빌",검토필요,
12683,"도원","도원동",11170,A14007002,"도원삼성래미안",1983,2001,18,1458,"서울특별시 용산구 도원동 23 도원삼성래미안",검토필요,
6151,"현대","주안동",28177,A40283602,"주안 현대홈타운 아파트",1985,2002,17,443,"인천광역시 미추홀구 주안동 13-1 주안 현대홈타운 아파트",검토필요,
9628,"대원","하대원동",41133,A46271104,"하대원아튼빌",1986,2003,17,1541,"경기도 성남중원구 하대원동 249 하대원아튼빌",검토필요,
10656,"쌍용","사직동",43112,A60778608,"사직쌍용예가",1989,2006,17,2947,"부산광역시 동래구 사직동 1017 사직쌍용예가",검토필요,
12130,"해피트리","언남동",41463,A44691003,"구성신일해피트리",2018,2001,17,591,"경기도 용인기흥구 언남동 490 구성신일해피트리",검토필요,
12549,"구덕","서대신동3가",26140,A10022281,"구덕자유아파트",1979,1996,17,116,"부산광역시 서구 서대신동3가 566-5 구덕자유아파트",검토필요,
785,"신동아","길동",11740,A10024972,"길동신동아아파트",1983,1999,16,95,"서울특별시 강동구 길동 92 길동신동아아파트",검토필요,
9633,"태영","대천동",44180,A70480001,"월배태영데시앙",1993,2009,16,431,"대구광역시 달서구 대천동 497-2 월배태영데시앙",검토필요,
9694,"일신","호계동",41173,A43108001,"일신건영장미",1984,2000,16,168,"경기도 안양동안구 호계동 819-2 일신건영장미",검토필요,
10481,"하남","신장동",41450,A46572201,"하남대명강변타운",1991,2007,16,1369,"경기도 하남시 신장동 569 하남대명강변타운",검토필요,
10993,"쌍촌","쌍촌동",29140,A50282105,"쌍촌주공임대",1975,1991,16,1416,"광주광역시 서구 쌍촌동 1229 쌍촌주공임대",검토필요,
11689,"대림","문현동",26290,A60872101,"대림문현시티프라자",1983,1999,16,521,"부산광역시 남구 문현동 363-1 대림문현시티프라자",검토필요,
12057,"금광","금광동",41133,A46285003,"래미안금광",1990,2006,16,1098,"경기도 성남중원구 금광동 2500 래미안금광",검토필요,
12125,"태화","태화동",31110,A76090505,"태화우성아파트",1979,1995,16,386,"경상북도 안동시 태화동 578-1 태화우성아파트",검토필요,
12147,"진흥","홍은동",11410,A12071004,"진흥",2002,2018,16,90,"서울특별시 서대문구 홍은동 459 진흥",검토필요,
12185,"대화","대화동",30230,A41180515,"대화성저마을1단지동익",1979,1995,16,640,"경기도 고양일산서구 대화동 2212 대화성저마을1단지동익",검토필요,
12559,"삼창","하단동",26380,A60485001,"하단삼창",1985,2001,16,162,"부산광역시 사하구 하단동 277 하단삼창",검토필요,
12561,"북정","북정동",31110,A62611004,"북정동원",1979,1995,16,570,"경상남도 양산시 북정동 437 북정동원",검토필요,
12587,"진흥","덕천동",26320,A44899106,"신정마을진흥아파트",1983,1999,16,414,"경기도 용인수지구 풍덕천동 1027 신정마을진흥아파트",검토필요,
12790,"센트럴","상계동",11350,A10025133,"노원 센트럴푸르지오",2005,2021,16,810,"서울특별시 노원구 상계동 85-33 노원 센트럴푸르지오",검토필요,
12823,"용마","면목동",11260,A13183204,"용마한신",2006,1990,16,565,"서울특별시 중랑구 면목동 1077-1 용마한신",검토필요,
2516,"롯데","우동",26350,A44517003,"동탄예당마을롯데캐슬",1993,2008,15,1222,"경기도 화성시 석우동 55 동탄예당마을롯데캐슬",검토필요,
11994,"효성","정자동",41111,A44071901,"정자백설마을효성",1985,2000,15,262,"경기도 수원장안구 정자동 880-2 정자백설마을효성",검토필요,
12321,"영동","삼동",41430,A10021630,"영동경동리인",2002,2017,15,123,"부산광역시 영도구 동삼동 1190- 영동경동리인",검토필요,
12813,"서변","서변동",27230,A70211006,"동서변월드메르디앙",1990,2005,15,902,"대구광역시 북구 서변동 1795 동서변월드메르디앙",검토필요,
3946,"중앙하이츠","구로동",11530,A15285804,"구로중앙하이츠아파트",1987,2001,14,597,"서울특별시 구로구 구로동 1269 구로중앙하이츠아파트",검토필요,
7520,"동신","가양동",30110,A15780603,"가양동신대아",1979,1993,14,660,"서울특별시 강서구 가양동 1459 가양동신대아",검토필요,
10304,"동아","작전동",28245,A40771305,"도두리마을 대동아파트",1983,1997,14,1299,"인천광역시 계양구 작전동 912-5 도두리마을 대동아파트",검토필요,
11569,"보성","비산동",27170,A73076503,"강변보성타운",1983,1997,14,687,"경상북도 구미시 비산동 28 강변보성타운",검토필요,
11925,"오치","오치동",29170,A50077602,"광주오치1",1978,1992,14,1658,"광주광역시 북구 오치동 1003 광주오치1",검토필요,
12043,"금락","하양읍 금락리",47290,A71270110,"하양금락우방타운",1983,1997,14,365,"경상북도 경산시 하양읍 금락리 391-1 하양금락우방타운",검토필요,
12222,"대동레미안","범천동",26230,A10022379,"대동레미안센트럴시티5",2005,2019,14,187,"부산광역시 부산진구 범천동 849-2 대동레미안센트럴시티5",검토필요,
3246,"상계대림","상계동",11350,A13983803,"상계대림e-편한세상",1989,2002,13,230,"서울특별시 노원구 상계동 1301 상계대림e-편한세상",검토필요,
7395,"신성","내동",30170,A46377908,"수내푸른마을신성벽산쌍용",1979,1992,13,2598,"경기도 성남분당구 수내동 71 수내푸른마을신성벽산쌍용",검토필요,
11578,"두암","두암동",29170,A50010012,"광주두암2",1979,1992,13,1640,"광주광역시 북구 두암동 968-1 광주두암2",검토필요,
12331,"현대","복대동",43113,A36181512,"하복대현대2차아파트",1986,1999,13,1464,"충청북도 청주흥덕구 복대동 3029 하복대현대2차아파트",검토필요,
12395,"동아","중동",27260,A42084904,"중동중흥마을신동아영남",1980,1993,13,640,"경기도 부천원미구 중동 1055 중동중흥마을신동아영남",검토필요,
12572,"경남","호계동",41173,A43173804,"무궁화경남",1981,1994,13,590,"경기도 안양동안구 호계동 1057 무궁화경남",검토필요,
12901,"문화","문화동",52130,A30176103,"대전문화1",1981,1994,13,960,"대전광역시 중구 문화동 779 대전문화1",검토필요,
12911,"양평","양평동2가",11560,A15010203,"양평벽산",2003,1990,13,417,"서울특별시 영등포구 양평동2가 23 양평벽산",검토필요,
1739,"대전목동더샵","목동",30140,A10023786,"대전목동더샵리슈빌",2010,2022,12,993,"대전광역시 중구 목동 1-95 대전목동더샵리슈빌",검토필요,
6304,"대곡청구","대곡동",27290,A70431003,"대곡청구제네스",1992,2004,12,275,"대구광역시 달서구 대곡동 1031 대곡청구제네스",검토필요,
10776,"동아","석남동",28260,A40482301,"석남 신동아 아파트",1984,1996,12,190,"인천광역시 서구 석남동 486-1 석남 신동아 아파트",검토필요,
12284,"주례","주례동",26530,A61776303,"주례럭키아파트",1975,1987,12,1963,"부산광역시 사상구 주례동 595 주례럭키아파트",검토필요,
12312,"한일","미아동",11305,A14272303,"한일유앤아이",1990,2002,12,384,"서울특별시 강북구 미아동 1355 한일유앤아이",검토필요,
12422,"동아","대명동",27200,A70575402,"동아대덕아파트",1980,1992,12,210,"대구광역시 남구 대명동 1220-24 동아대덕아파트",검토필요,
12487,"삼성","신림동",11620,A15101506,"삼성산주공3단지",2012,2000,12,1482,"서울특별시 관악구 신림동 1714 삼성산주공3단지",검토필요,
12643,"미진","옥포동",48310,A65690402,"미진타워팰리스",1994,2006,12,228,"경상남도 거제시 옥포동 556-11 미진타워팰리스",검토필요,
12903,"대신","대신동",27110,A10028088,"대신센트럴자이",2003,2015,12,1147,"대구광역시 중구 대신동 115-30 대신센트럴자이",검토필요,
168,"주공","소사본동",41194,A42281205,"소사주공",2006,1995,11,1210,"경기도 부천소사구 소사본동 400-8 소사주공",검토필요,
11065,"은행대우","은행동",41390,A42983912,"은행대우3차2단지",1987,1998,11,662,"경기도 시흥시 은행동 550 은행대우3차2단지",검토필요,
12362,"태안","태안읍 동문리",44825,A35790508,"태안동문주공1단지",1989,2000,11,566,"충청남도 태안군 태안읍 동문리 92-1 태안동문주공1단지",검토필요,
12565,"대성","구로동",11530,A15284302,"구로대성스카이렉스",1995,2006,11,160,"서울특별시 구로구 구로동 107-1 구로대성스카이렉스",검토필요,
12667,"초원","안양동",41171,A43182909,"초원부영",2003,1992,11,1743,"경기도 안양동안구 평촌동 896-6 초원부영",검토필요,
6859,"주공2","가좌동",28260,A66078904,"진주가좌주공2아파트",1983,1993,10,1530,"경상남도 진주시 가좌동 660 진주가좌주공2아파트",검토필요,
7157,"현대아파트","서초동",11650,A13772801,"서초현대아파트",1989,1999,10,299,"서울특별시 서초구 서초동 1648-2 서초현대아파트",검토필요,
8351,"낙성대현대아파트","봉천동",11620,A10020559,"낙성대현대아파트",1988,1998,10,122,"서울특별시 관악구 봉천동 296- 낙성대현대아파트",검토필요,
9010,"쌍용","월계동",29200,A13991017,"월계초안산쌍용",1996,2006,10,225,"서울특별시 노원구 월계동 945 월계초안산쌍용",검토필요,
11060,"화신","괴정동",26380,A60481002,"신괴정화신맨션아파트",1980,1990,10,270,"부산광역시 사하구 괴정동 398-23 신괴정화신맨션아파트",검토필요,
11250,"예뜰채","가정동",28260,A40423002,"예뜰채",2007,2017,10,93,"인천광역시 서구 가정동 523-2 예뜰채",검토필요,
11818,"동아","둔촌동",11740,A13406204,"둔촌신동아",1992,2002,10,357,"서울특별시 강동구 둔촌동 555 둔촌신동아",검토필요,
12252,"남산그린","남산동",26410,A70044004,"남산그린타운",1995,2005,10,804,"대구광역시 중구 남산동 2937-1 남산그린타운",검토필요,
12423,"한라","신정동",31140,A68083106,"한라백조",1983,1993,10,285,"울산광역시 남구 신정동 872-55 한라백조",검토필요,
12474,"수명","신월동",11470,A15809502,"수명산롯데캐슬",1998,2008,10,215,"서울특별시 양천구 신월동 1036 수명산롯데캐슬",검토필요,
12590,"양재","양재동",11650,A13789203,"양재우성",2001,1991,10,848,"서울특별시 서초구 양재동 137-1 양재우성",검토필요,
12623,"리채","용두동",11230,A10025016,"첨단진아리채아파트",2010,2020,10,750,"광주광역시 북구 용두동 18-1 첨단진아리채아파트",검토필요,
2116,"대우","좌동",26350,A41144005,"가좌대우푸르지오",1996,2005,9,1210,"경기도 고양일산서구 가좌동 1089 가좌대우푸르지오",검토필요,
6226,"주공3","교동",51210,A21010108,"교동주공3단지아파트",1993,2002,9,750,"강원특별자치도 강릉시 교동 1766 교동주공3단지아파트",검토필요,
7348,"반여현대","반여동",26350,A61272011,"반여현대그린아파트",1995,1986,9,600,"부산광역시 해운대구 반여동 1411-10 반여현대그린아파트",검토필요,
8230,"광명","연제동",29170,A50083403,"연제동 광명2차아파트",1989,1998,9,369,"광주광역시 북구 연제동 2-7 연제동 광명2차아파트",검토필요,
8464,"세원","복대동",43113,A36181508,"세원느티마을아파트",1990,1999,9,526,"충청북도 청주흥덕구 복대동 2461 세원느티마을아파트",검토필요,
9516,"용두","용두동",30140,A13007004,"용두신동아",1985,1994,9,772,"서울특별시 동대문구 용두동 779 용두신동아",검토필요,
10342,"장백","대연동",26290,A60875603,"장백장미타워아파트",2005,1996,9,287,"부산광역시 남구 대연동 255-1 장백장미타워아파트",검토필요,
10758,"신라","안양동",41171,A43173004,"한가람신라",1983,1992,9,1068,"경기도 안양동안구 관양동 1589-1 한가람신라",검토필요,
10793,"석미모닝파크","광혜원면 광혜원리",43750,A10027011,"광혜원 석미모닝파크2차",2008,2017,9,251,"충청북도 진천군 광혜원면 광혜원리 1091 광혜원 석미모닝파크2차",검토필요,
12072,"서울","내동",41196,A42281704,"뉴서울송내동",2004,1995,9,971,"경기도 부천소사구 송내동 368 뉴서울송내동",검토필요,
12355,"무지개","명장동",26260,A60780701,"영산무지개타운",1984,1993,9,186,"부산광역시 동래구 명장동 25-1 영산무지개타운",검토필요,
12415,"전원","마동",52140,A10022320,"전원맨션관리사무소",1994,1985,9,122,"전북특별자치도 익산시 마동 153-1 전원맨션관리사무소",검토필요,
12436,"동아","통복동",41220,A45075802,"동아국화",1985,1994,9,218,"경기도 평택시 통복동 539-2 동아국화",검토필요,
12799,"보람","신월동",11470,A15809401,"신월2차보람쉬움",1996,2005,9,169,"서울특별시 양천구 신월동 1039 신월2차보람쉬움",검토필요,
4515,"우성","목동",11470,A15807703,"목동2차우성",1992,2000,8,1140,"서울특별시 양천구 신정동 337 목동2차우성",검토필요,
5719,"양지","오남읍 양지리",41360,A47274922,"오남양지e편한세상1단지",2001,2009,8,832,"경기도 남양주시 오남읍 양지리 807 오남양지e편한세상1단지",검토필요,
5845,"목련","내동",48123,A70284910,"칠곡목련타운",1979,1987,8,530,"대구광역시 북구 읍내동 1171 칠곡목련타운",검토필요,
9219,"삼일","복대동",43113,A36127105,"하복대삼일아파트",1990,1998,8,478,"충청북도 청주흥덕구 복대동 3034 하복대삼일아파트",검토필요,
9345,"장전현대","장전동",26410,A60976802,"장전현대2차아파트",2006,1998,8,247,"부산광역시 금정구 장전동 269-3 장전현대2차아파트",검토필요,
10660,"호반","교동",47150,A46980116,"여주호반리젠시빌",1995,2003,8,549,"경기도 여주시 교동 81-2 여주호반리젠시빌",검토필요,
10927,"현광","주안동",28177,A40283601,"주안 현광 아파트",1987,1995,8,273,"인천광역시 미추홀구 주안동 32-1 주안 현광 아파트",검토필요,
11210,"삼전","하대동",48170,A66033003,"삼전프라자",1988,1996,8,176,"경상남도 진주시 하대동 315 삼전프라자",검토필요,
11227,"현대","휘경동",11230,A13087405,"휘경베스트빌현대",1992,2000,8,372,"서울특별시 동대문구 휘경동 52 휘경베스트빌현대",검토필요,
11772,"현대","비전동",41220,A45076518,"현대이화",1985,1993,8,724,"경기도 평택시 비전동 828-2 현대이화",검토필요,
11986,"현대2","용흥동",47113,A79175606,"용흥현대2차아파트",1988,1996,8,484,"경상북도 포항북구 용흥동 66-1 용흥현대2차아파트",검토필요,
12493,"함양","함양읍 교산리",48870,A67680102,"함양한주",1989,1997,8,451,"경상남도 함양군 함양읍 교산리 160 함양한주",검토필요,
12828,"현대","대방동",11590,A15601105,"신대방현대",2004,1996,8,880,"서울특별시 동작구 신대방동 707 신대방현대",검토필요,
12829,"현대","개포동",11680,A13524006,"개포2차 현대아파트",1994,1986,8,558,"서울특별시 강남구 개포동 654 개포2차 현대아파트",검토필요,
1964,"삼성","상동",46110,A42003027,"상동다정한마을삼성래미안",1995,2002,7,718,"경기도 부천원미구 상동 500-4 상동다정한마을삼성래미안",검토필요,
2605,"효자롯데","효자동1가",52111,A10025373,"효자롯데2차아파트",1990,1997,7,138,"전북특별자치도 전주완산구 효자동1가 416 효자롯데2차아파트",검토필요,
4469,"일성","쌍용동",44133,A33175902,"월봉일성",1992,1999,7,765,"충청남도 천안서북구 쌍용동 1547 월봉일성",검토필요,
5623,"부영","성환읍 매주리",44133,A33170707,"성환1차부영아파트",2005,1998,7,802,"충청남도 천안서북구 성환읍 매주리 183 성환1차부영아파트",검토필요,
8486,"이너스내안에","염창동",11500,A15776003,"이너스내안에",2011,2004,7,105,"서울특별시 강서구 염창동 254-2 이너스내안에",검토필요,
11043,"장미","신천동",41390,A13824005,"신천장미1차2차",1986,1979,7,3402,"서울특별시 송파구 신천동 11 신천장미1차2차",검토필요,
11058,"한울","율량동",43114,A36071602,"한울(1144)",1991,1998,7,299,"충청북도 청주청원구 율량동 1144 한울(1144)",검토필요,
11228,"현대","문정동",11710,A13820004,"가락1차현대아파트",1991,1984,7,514,"서울특별시 송파구 문정동 3 가락1차현대아파트",검토필요,
11501,"삼성아파트","사당동",11590,A10021807,"사당삼성아파트",2006,1999,7,113,"서울특별시 동작구 사당동 1140- 사당삼성아파트",검토필요,
12104,"대명","조양동",51210,A10021888,"대명4차아파트",1989,1996,7,118,"강원특별자치도 속초시 조양동 579- 대명4차아파트",검토필요,
12412,"우림","인창동",41310,A10025318,"인창공원 우림필유아파트",2001,2008,7,121,"경기도 구리시 인창동 711 인창공원 우림필유아파트",검토필요,
12596,"향교","교동",31110,A59098901,"남원 향교",1980,1987,7,380,"전북특별자치도 남원시 향교동 257-1 남원 향교",검토필요,
2628,"양덕삼구트리니엔","양덕동",47113,A10026851,"양덕삼구트리니엔4차",2011,2017,6,1059,"경상북도 포항북구 양덕동 651-1 양덕삼구트리니엔4차",검토필요,
3147,"봉동광신프로그레스","봉동읍 낙평리",52710,A10024250,"봉동광신프로그레스2단지",2015,2021,6,347,"전북특별자치도 완주군 봉동읍 낙평리 1253 봉동광신프로그레스2단지",검토필요,
4397,"신일","삼천동1가",52111,A56081023,"삼천동 신일강변",1991,1997,6,900,"전북특별자치도 전주완산구 삼천동1가 723-2 삼천동 신일강변",검토필요,
5932,"송현2","송현동",28140,A76075106,"송현2주공아파트",1984,1990,6,940,"경상북도 안동시 송현동 295 송현2주공아파트",검토필요,
6435,"유승","효성동",28245,A40783206,"효성동2차유승아파트",1996,2002,6,350,"인천광역시 계양구 효성동 556 효성동2차유승아파트",검토필요,
6450,"주공","하소동",43150,A39075606,"하소주공2단지아파트",1989,1995,6,780,"충청북도 제천시 하소동 353 하소주공2단지아파트",검토필요,
6760,"우미","화정동",29140,A50224406,"화정우미",1990,1996,6,376,"광주광역시 서구 화정동 440 화정우미",검토필요,
8409,"금호윤성모닝타운","금호읍 원제리",47230,A77080101,"금호윤성모닝타운",2018,2012,6,1746,"경상북도 영천시 금호읍 원제리 18-2 금호윤성모닝타운",검토필요,
9853,"한양","남산동",48123,A64196501,"한양아파트2동",1980,1986,6,166,"경상남도 창원성산구 남산동 601-4 한양아파트2동",검토필요,
10369,"신라","율량동",43114,A36071601,"신라임대",1989,1995,6,252,"충청북도 청주청원구 율량동 1292 신라임대",검토필요,
10725,"갈산","갈산동",28237,A40375111,"갈산 주공1단지 아파트",1986,1992,6,1650,"인천광역시 부평구 갈산동 359 갈산 주공1단지 아파트",검토필요,
10948,"도시","동삼동",26200,A60670101,"도시공사동삼2지구영구임대아파트",1989,1995,6,1120,"부산광역시 영도구 동삼동 510 도시공사동삼2지구영구임대아파트",검토필요,
10986,"제일1차","모현동1가",52140,A57075709,"배산제일1차",1988,1994,6,229,"전북특별자치도 익산시 모현동1가 514-1 배산제일1차",검토필요,
11229,"현대","교동",51230,A44656211,"교동마을현대홈타운",1997,2003,6,795,"경기도 용인기흥구 마북동 630 교동마을현대홈타운",검토필요,
11424,"롯데캐슬","대치동",11680,A10024815,"롯데캐슬리베아파트",2002,2008,6,144,"서울특별시 강남구 대치동 1025 롯데캐슬리베아파트",검토필요,
11482,"대주","금호동",29140,A50283304,"마재대주파크빌",1994,2000,6,1242,"광주광역시 서구 금호동 813 마재대주파크빌",검토필요,
11724,"세원","수곡동",43112,A36179303,"세원청실",1989,1995,6,417,"충청북도 청주서원구 수곡동 1001 세원청실",검토필요,
11801,"광진","효자동1가",52111,A10024959,"광진진주아파트",1984,1990,6,135,"전북특별자치도 전주완산구 효자동1가 636-1 광진진주아파트",검토필요,
12121,"동현","동현동",43150,A39019001,"동현현대아파트",1986,1992,6,276,"충청북도 제천시 동현동 29-2 동현현대아파트",검토필요,
12242,"미소","홍천읍 갈마곡리",51720,A25080109,"홍천신성미소지움아파트",2013,2007,6,480,"강원특별자치도 홍천군 홍천읍 갈마곡리 73 홍천신성미소지움아파트",검토필요,
12327,"영무예다음","화정동",29140,A10021605,"화정영무예다음",2009,2003,6,147,"광주광역시 서구 화정동 1295- 화정영무예다음",검토필요,
12330,"함덕해밀타운아파트","조천읍 함덕리",50110,A10021021,"함덕해밀타운아파트2차",2018,2024,6,116,"제주특별자치도 제주시 조천읍 함덕리 4181- 함덕해밀타운아파트2차",검토필요,
12421,"도시형생활주택","안양동",41171,A10022162,"한스하임도시형생활주택",2012,2018,6,122,"경기도 안양동안구 호계동 903-4 한스하임도시형생활주택",검토필요,
12523,"양덕신우","양덕동",48127,A10020598,"양덕신우빌리지",1997,2003,6,84,"경상남도 창원마산회원구 양덕동 12-20 양덕신우빌리지",검토필요,
12574,"한일","평화동",47150,A74076101,"한일장미타운",1987,1993,6,284,"경상북도 김천시 평화동 72-9 한일장미타운",검토필요,
12632,"화북","화북일동",50110,A69083703,"화북4아파트",1992,1998,6,810,"제주특별자치도 제주시 화북일동 12-1 화북4아파트",검토필요,
1298,"신반포2","잠원동",11650,A10023971,"신반포20차아파트",1978,1983,5,112,"서울특별시 서초구 잠원동 60-78 신반포20차아파트",검토필요,
2914,"대동","내서읍 삼계리",48127,A63085228,"삼계대동이미지",1998,2003,5,1542,"경상남도 창원마산회원구 내서읍 삼계리 260 삼계대동이미지",검토필요,
3863,"현진에버빌","단구동",51130,A22009009,"현진에버빌5차6차",2001,2006,5,697,"강원특별자치도 원주시 단구동 1682-1 현진에버빌5차6차",검토필요,
4764,"우림필유","송정동",41610,A10027677,"해운대송정우림필유아파트",2010,2015,5,407,"부산광역시 해운대구 송정동 947 해운대송정우림필유아파트",검토필요,
5177,"현대","삼산동",28237,A68081409,"삼산현대",1995,1990,5,962,"울산광역시 남구 삼산동 1459-1 삼산현대",검토필요,
5637,"우성","삼천동1가",52111,A56080920,"삼천동 우성2차",1993,1998,5,561,"전북특별자치도 전주완산구 삼천동1가 287-4 삼천동 우성2차",검토필요,
5756,"코오롱","화명동",26320,A61685214,"화명코오롱하늘채2차",1997,2002,5,1344,"부산광역시 북구 화명동 2288 화명코오롱하늘채2차",검토필요,
6704,"청구","원동",41370,A44773706,"운암청구",1996,2001,5,374,"경기도 오산시 원동 814-2 운암청구",검토필요,
7107,"쌍용","퇴계원읍 퇴계원리",41360,A47274109,"퇴계원쌍용예가",2002,2007,5,552,"경기도 남양주시 퇴계원읍 퇴계원리 365 퇴계원쌍용예가",검토필요,
7591,"동진","중계동",11350,A13922907,"동진신안",1988,1993,5,468,"서울특별시 노원구 중계동 364 동진신안",검토필요,
7666,"럭키","교동",51210,A21780509,"럭키설악타운1차아파트",1986,1991,5,383,"강원특별자치도 속초시 교동 767-224 럭키설악타운1차아파트",검토필요,
8092,"부평","부평동",28237,A40376107,"부평 동아1단지 아파트",1981,1986,5,2475,"인천광역시 부평구 부평동 70-5 부평 동아1단지 아파트",검토필요,
8134,"가산지웰에스테이트","가산동",11545,A10025913,"가산지웰에스테이트2차",2013,2018,5,238,"서울특별시 금천구 가산동 143-6 가산지웰에스테이트2차",검토필요,
8573,"거성","개봉동",11530,A15280304,"개봉거성푸르뫼1차",1988,1993,5,249,"서울특별시 구로구 개봉동 60-101 개봉거성푸르뫼1차",검토필요,
8889,"경남아너스빌","미아동",11305,A14272306,"미아경남아너스빌",2008,2003,5,860,"서울특별시 강북구 미아동 1356 미아경남아너스빌",검토필요,
9876,"현대","신천동",41390,A68380207,"성우현대",1988,1993,5,499,"울산광역시 북구 신천동 346-5 성우현대",검토필요,
10038,"현대2","신방동",44131,A33093908,"신방동 두레현대2단지아파트",1992,1997,5,740,"충청남도 천안동남구 신방동 897 신방동 두레현대2단지아파트",검토필요,
10052,"동신","중화산동1가",52111,A56083206,"중화산동 동신2차",1990,1995,5,258,"전북특별자치도 전주완산구 중화산동1가 250 중화산동 동신2차",검토필요,
10290,"스카이뷰","봉명동",30200,A10026461,"스카이뷰시티",2013,2018,5,299,"대전광역시 유성구 봉명동 615-2 스카이뷰시티",검토필요,
11207,"복사골","중동",41192,A42085613,"중동복사골건영1차",1987,1992,5,700,"경기도 부천원미구 중동 1186 중동복사골건영1차",검토필요,
11318,"현대","우동",26350,A70222001,"칠곡현대아파트",1994,1999,5,707,"대구광역시 북구 국우동 1110-3 칠곡현대아파트",검토필요,
11353,"한라무지개","용두동",30140,A30174501,"한라무지개",1993,1998,5,87,"대전광역시 중구 용두동 160-1 한라무지개",검토필요,
11472,"정림","정림동",30170,A30279506,"정림우성",1988,1993,5,1980,"대전광역시 서구 정림동 584 정림우성",검토필요,
11876,"한양아이클래스","용두동",11230,A10022979,"청계한양아이클래스",2014,2019,5,96,"서울특별시 동대문구 용두동 255-49 청계한양아이클래스",검토필요,
11924,"동원텔","화정동",41281,A10027480,"동원텔아파트",1998,2003,5,76,"경기도 고양덕양구 화정동 969 동원텔아파트",검토필요,
11966,"세원","읍내동",44270,A34380501,"당진세원목화",1990,1995,5,196,"충청남도 당진시 읍내동 310-10 당진세원목화",검토필요,
12053,"동신","금동",52130,A38096505,"코오롱동신아파트",1992,1997,5,920,"충청북도 충주시 칠금동 825 코오롱동신아파트",검토필요,
12118,"두진","수곡동",43112,A36179205,"수곡두진하트리움아파트",1990,1995,5,935,"충청북도 청주서원구 수곡동 1002 수곡두진하트리움아파트",검토필요,
12246,"해주","원종동",41196,A10021474,"부천해주2차아파트",1998,2003,5,119,"경기도 부천오정구 원종동 171- 부천해주2차아파트",검토필요,
12342,"대동","대평동1가",26200,A60675701,"대동대교아파트",1975,1980,5,462,"부산광역시 영도구 대평동1가 1 대동대교아파트",검토필요,
12348,"성동","중동",48121,A42925104,"연성동아",1995,2000,5,503,"경기도 시흥시 하중동 826-1 연성동아",검토필요,
12428,"합성","합성동",48127,A63075501,"합성무학",1982,1987,5,390,"경상남도 창원마산회원구 합성동 694-1 합성무학",검토필요,
12452,"장미","당동",41410,A41271502,"장미8차",1988,1993,5,128,"경기도 고양덕양구 토당동 873 장미8차",검토필요,
12597,"현대","신천동",27140,A68380207,"성우현대",1988,1993,5,499,"울산광역시 북구 신천동 346-5 성우현대",검토필요,
12663,"구산","구산동",11380,A62190109,"구산주공3단지",2005,2000,5,810,"경상남도 김해시 구산동 429 구산주공3단지",검토필요,
12914,"신월","신월동",11470,A15884703,"신월시영아파트",1993,1988,5,2256,"서울특별시 양천구 신월동 987-1 신월시영아파트",검토필요,
12992,"대림아파트","창동",11320,A32008003,"논산대림아파트",2002,1997,5,694,"충청남도 논산시 부창동 209-4 논산대림아파트",검토필요,
345,"벽산","시흥동",11545,A15303205,"관악벽산타운5단지",2000,2004,4,2810,"서울특별시 금천구 시흥동 1013 관악벽산타운5단지",검토필요,
523,"이지더원","정관읍 모전리",26710,A10028081,"정관이지더원3차아파트",2011,2015,4,1035,"부산광역시 기장군 정관읍 모전리 730 정관이지더원3차아파트",검토필요,
2389,"공덕2삼성래미안","공덕동",11440,A12179003,"신공덕2삼성래미안제2",2004,2000,4,103,"서울특별시 마포구 신공덕동 159 신공덕2삼성래미안제2",검토필요,
3150,"연지자이","연지동",26230,A61478901,"연지자이2차",2007,2011,4,1011,"부산광역시 부산진구 연지동 406 연지자이2차",검토필요,
3161,"세경","동산동",52140,A57072604,"세경2차",1988,1992,4,613,"전북특별자치도 익산시 동산동 1060 세경2차",검토필요,
3599,"한신휴플러스","주안동",28177,A40270206,"관교한신휴플러스",2006,2010,4,1509,"인천광역시 미추홀구 주안동 1621 관교한신휴플러스",검토필요,
3626,"하마비마을동부","언남동",41463,A44657001,"하마비마을동부센트레빌",1998,2002,4,418,"경기도 용인기흥구 언남동 493 하마비마을동부센트레빌",검토필요,
5488,"현대","정평동",47290,A71211002,"경산현대타운",1992,1996,4,973,"경상북도 경산시 정평동 130 경산현대타운",검토필요,
6747,"라이프","용해동",46110,A53038004,"라이프2차",1990,1994,4,465,"전라남도 목포시 용해동 255 라이프2차",검토필요,
6866,"호반","매곡동",29170,A50081506,"호반2차아파트",1991,1995,4,240,"광주광역시 북구 매곡동 214-10 호반2차아파트",검토필요,
7507,"대명","석남동",28260,A40482201,"석남 대명 아파트",2002,1998,4,184,"인천광역시 서구 석남동 209 석남 대명 아파트",검토필요,
7653,"프라지움","두정동",44133,A10027007,"프라지움9차 아파트",2013,2017,4,299,"충청남도 천안서북구 두정동 1377 프라지움9차 아파트",검토필요,
7800,"현대3","월영동",48125,A63126001,"월영현대3차",1998,2002,4,169,"경상남도 창원마산합포구 월영동 709-1 월영현대3차",검토필요,
7827,"시티팰리스","갈마동",30170,A10024996,"시티팰리스 8차",2015,2019,4,156,"대전광역시 서구 갈마동 338-1 시티팰리스 8차",검토필요,
8082,"영창","송천동1가",52113,A56181605,"송천동영창드림맨션",1993,1997,4,242,"전북특별자치도 전주덕진구 송천동1가 123-12 송천동영창드림맨션",검토필요,
8768,"쌍용","풍동",41285,A46570205,"덕풍쌍용아파트",2002,1998,4,585,"경기도 하남시 덕풍동 537-1 덕풍쌍용아파트",검토필요,
9125,"현대","주례동",26530,A61783402,"주례현대무지개아파트",1989,1993,4,977,"부산광역시 사상구 주례동 530-5 주례현대무지개아파트",검토필요,
9711,"모아","월계동",29200,A50670801,"첨단모아미래도",1997,2001,4,280,"광주광역시 광산구 월계동 763-5 첨단모아미래도",검토필요,
10016,"주공1","중앙동",41290,A42780601,"과천주공10단지",1980,1984,4,632,"경기도 과천시 중앙동 65 과천주공10단지",검토필요,
10524,"펠리시티","삼향읍 남악리",46840,A10021788,"펠리시티3차주상복합아파트",2012,2016,4,132,"전라남도 무안군 삼향읍 남악리 2105- 펠리시티3차주상복합아파트",검토필요,
11084,"피오레","정릉동",11290,A13610201,"정릉2차대주피오레",2004,2008,4,169,"서울특별시 성북구 정릉동 1032 정릉2차대주피오레",검토필요,
11338,"경남아너스빌","신수동",11440,A12171201,"밤섬경남아너스빌",2005,2009,4,313,"서울특별시 마포구 신수동 459 밤섬경남아너스빌",검토필요,
11765,"하나로","거창읍 대동리",48880,A67080103,"거창하나로2차",2007,2011,4,164,"경상남도 거창군 거창읍 대동리 994-1 거창하나로2차",검토필요,
11869,"덕림","월산동",29155,A50323003,"덕림제일파크",1986,1990,4,312,"광주광역시 남구 월산동 284 덕림제일파크",검토필요,
11980,"신라","관양동",41173,A43173004,"한가람신라",1988,1992,4,1068,"경기도 안양동안구 관양동 1589-1 한가람신라",검토필요,
12558,"삼성","등촌동",11500,A15783907,"한사랑2차삼성아파트(등촌동)",2003,1999,4,339,"서울특별시 강서구 등촌동 634-2 한사랑2차삼성아파트(등촌동)",검토필요,
12700,"삼성","신정동",11470,A15876402,"신정삼성SH임대",2000,1996,4,506,"서울특별시 양천구 신정동 1278-1 신정삼성SH임대",검토필요,
12739,"망우","망우동",11260,A13123101,"망우신원",2003,1999,4,198,"서울특별시 중랑구 망우동 573 망우신원",검토필요,
12772,"월드","성산동",11440,A12125202,"성산월드타운대림",2000,2004,4,795,"서울특별시 마포구 성산동 601 성산월드타운대림",검토필요,
528,"부천아이파크","약대동",41192,A42073304,"부천아이파크",2017,2014,3,1613,"경기도 부천원미구 약대동 181 부천아이파크",검토필요,
757,"주공","합정동",41220,A45076305,"합정주공4단지",1989,1992,3,684,"경기도 평택시 합정동 829 합정주공4단지",검토필요,
960,"호반","양산동",29170,A50090316,"양산2차호반리젠시빌",1997,2000,3,612,"광주광역시 북구 양산동 18-3 양산2차호반리젠시빌",검토필요,
1936,"삼성","내동",48250,A13403101,"성내삼성",1996,1999,3,1220,"서울특별시 강동구 성내동 590 성내삼성",검토필요,
2317,"대우","칠전동",51110,A20022002,"칠전대우2차아파트",1999,2002,3,614,"강원특별자치도 춘천시 칠전동 585-1 칠전대우2차아파트",검토필요,
3356,"삼성래미안","약사동",31110,A68143002,"삼성래미안2차",2001,2004,3,1004,"울산광역시 중구 약사동 707 삼성래미안2차",검토필요,
3963,"우미","시전동",46130,A55503001,"우미타운",1996,1993,3,495,"전라남도 여수시 시전동 243 우미타운",검토필요,
4629,"아중제일","인후동1가",52113,A56182707,"인후동 아중제일2차",1997,2000,3,360,"전북특별자치도 전주덕진구 인후동1가 951-2 인후동 아중제일2차",검토필요,
5813,"신한","만수동",28200,A10021105,"만수신한5차아파트",1988,1991,3,132,"인천광역시 남동구 만수동 6-21 만수신한5차아파트",검토필요,
6734,"제일","효자동1가",52111,A56085808,"효자동제일효자타운",1990,1993,3,360,"전북특별자치도 전주완산구 효자동1가 654 효자동제일효자타운",검토필요,
7818,"중흥에스클래스","반곡동",51130,A10027324,"중흥에스클래스프라디움 아파트",2019,2016,3,850,"강원특별자치도 원주시 반곡동 2047-5 중흥에스클래스프라디움 아파트",검토필요,
8904,"한승미메이드","송산동",41590,A44578005,"한승미메이드1차",2008,2005,3,669,"경기도 화성시 송산동 222 한승미메이드1차",검토필요,
9638,"달동현대","달동",31140,A68080010,"달동현대2차",1991,1994,3,499,"울산광역시 남구 달동 118-1 달동현대2차",검토필요,
10070,"제일훼미리","삼문동",48270,A62775405,"제일훼미리",1993,1990,3,444,"경상남도 밀양시 삼문동 552-1 제일훼미리",검토필요,
10381,"효성","율량동",43114,A36082011,"율량효성2차아파트",1993,1996,3,440,"충청북도 청주청원구 율량동 1263 율량효성2차아파트",검토필요,
10667,"유강우방타운","연일읍 유강리",47111,A79075505,"유강우방타운",1999,1996,3,202,"경상북도 포항남구 연일읍 유강리 593 유강우방타운",검토필요,
10898,"우방아이유쉘","도산동",29200,A10025617,"송정우방아이유쉘아파트",2016,2019,3,591,"광주광역시 광산구 도산동 1317 송정우방아이유쉘아파트",검토필요,
10910,"가야누리애","범천동",26230,A10024877,"가야누리애더센트리즈",2017,2020,3,196,"부산광역시 부산진구 범천동 974-16 가야누리애더센트리즈",검토필요,
10962,"석미모닝파크","내곡동",51150,A10022253,"석미모닝파크2차아파트",2008,2011,3,130,"강원특별자치도 강릉시 내곡동 757- 석미모닝파크2차아파트",검토필요,
10985,"일우","석전동",48127,A63080802,"일우근주아파트",1991,1994,3,269,"경상남도 창원마산회원구 석전동 203-10 일우근주아파트",검토필요,
11158,"더뉴클래스","신서동",27140,A10027934,"각산역 더뉴클래스2차",2012,2015,3,206,"대구광역시 동구 신서동 518-1 각산역 더뉴클래스2차",검토필요,
11168,"팰리스필","광명동",41210,A42301001,"광명팰리스필2차",2004,2007,3,157,"경기도 광명시 광명동 782 광명팰리스필2차",검토필요,
11859,"주공2","중동",46230,A42084902,"덕유마을주공2단지",1993,1996,3,509,"경기도 부천원미구 중동 1041 덕유마을주공2단지",검토필요,
12119,"동신","평거동",48170,A66099104,"벽산동신",1990,1993,3,286,"경상남도 진주시 평거동 401 벽산동신",검토필요,
12248,"희성연인","정자동",41111,A10027415,"수원 정자2차 희성연인아파트",2006,2009,3,84,"경기도 수원장안구 정자동 69-2 수원 정자2차 희성연인아파트",검토필요,
12270,"포도힐","변동",30170,A10028059,"포도힐6차",2011,2014,3,154,"대전광역시 서구 변동 61-13 포도힐6차",검토필요,
12340,"보람","등촌동",11500,A10022233,"등촌2차보람아파트",1999,2002,3,101,"서울특별시 강서구 등촌동 640- 등촌2차보람아파트",검토필요,
12394,"원우","청학동",26200,A60607002,"원우엔리치빌",2001,2004,3,490,"부산광역시 영도구 청학동 489-30 원우엔리치빌",검토필요,
12446,"방촌현대","방촌동",27140,A70180404,"방촌현대맨션",1996,1993,3,238,"대구광역시 동구 방촌동 1119-1 방촌현대맨션",검토필요,
12473,"서초대우","서초동",11650,A13707003,"서초대우아이빌",2000,2003,3,215,"서울특별시 서초구 서초동 1675-11 서초대우아이빌",검토필요,
12496,"반도","부곡동",26410,A60981801,"부곡반도맨션",1982,1985,3,156,"부산광역시 금정구 부곡동 780 부곡반도맨션",검토필요,
12509,"성원1","도남동",50110,A10020840,"통영성원1차아파트",1993,1996,3,134,"경상남도 통영시 도남동 362-1 통영성원1차아파트",검토필요,
12709,"한솔","창동",11320,A15704025,"염창강변한솔솔파크",2002,2005,3,455,"서울특별시 강서구 염창동 300 염창강변한솔솔파크",검토필요,
12721,"창전","창전동",41500,A12119007,"창전삼성",1995,1998,3,640,"서울특별시 마포구 창전동 437 창전삼성",검토필요,
12974,"백운","시흥동",11545,A10026187,"백운한비치1차아파트",2000,2003,3,114,"서울특별시 금천구 시흥동 1012 백운한비치1차아파트",검토필요,
654,"계양주공","계양동",47290,A71212004,"계양주공2.3차",1985,1987,2,680,"경상북도 경산시 계양동 669 계양주공2.3차",OK,
2400,"주공","용운동",30110,A30075207,"용운2고층주공아파트",1985,1987,2,840,"대전광역시 동구 용운동 147 용운2고층주공아파트",OK,
3163,"한일타운","양덕동",48127,A63075407,"한일타운2차아파트",1994,1996,2,904,"경상남도 창원마산회원구 양덕동 64-1 한일타운2차아파트",OK,
3410,"현대","신안동",48170,A66090508,"신안현대",1991,1989,2,694,"경상남도 진주시 신안동 20 신안현대",OK,
3691,"현대","상동",46110,A76075808,"용상현대아파트",1996,1994,2,1533,"경상북도 안동시 용상동 600 용상현대아파트",OK,
4166,"현대","상동",52180,A76075808,"용상현대아파트",1996,1994,2,1533,"경상북도 안동시 용상동 600 용상현대아파트",OK,
4935,"현대","탑동",43111,A46379226,"야탑장미마을현대",1991,1993,2,2136,"경기도 성남분당구 야탑동 334 야탑장미마을현대",OK,
5998,"승리","효자동",47111,A79083401,"승리행복화목마을회",1992,1990,2,611,"경상북도 포항남구 효자동 253-6 승리행복화목마을회",OK,
6429,"동부","내동",48250,A47281104,"별내동부일신",1994,1996,2,456,"경기도 남양주시 별내면 청학리 476 별내동부일신",OK,
6621,"현대","신림동",11620,A15101508,"신림현대",1991,1993,2,1634,"서울특별시 관악구 신림동 1694 신림현대",OK,
7008,"현대","신안동",47170,A66090508,"신안현대",1991,1989,2,694,"경상남도 진주시 신안동 20 신안현대",OK,
7505,"근화네오빌","석현동",46110,A53077804,"근화네오빌2차",2002,2004,2,496,"전라남도 목포시 석현동 815-17 근화네오빌2차",OK,
7584,"화명대우","화명동",26320,A61612011,"화명대우이안아파트",2000,2002,2,989,"부산광역시 북구 화명동 2262 화명대우이안아파트",OK,
7873,"동산동삼호(2)","동산동",52140,A57095806,"동산동삼호(2)",1993,1991,2,464,"전북특별자치도 익산시 동산동 158-15 동산동삼호(2)",OK,
8352,"남산주공2","교현동",43130,A38095003,"남산주공2.3차 아파트",1984,1986,2,720,"충청북도 충주시 교현동 1060 남산주공2.3차 아파트",OK,
8371,"진천현대","진천동",27290,A70483603,"진천현대1차아파트",1995,1993,2,183,"대구광역시 달서구 진천동 262-2 진천현대1차아파트",OK,
8605,"대림현대","대림동",11560,A15081107,"대림현대3차",1999,1997,2,1162,"서울특별시 영등포구 대림동 608-1 대림현대3차",OK,
8719,"영도센트럴에일린의뜰","봉래동4가",26200,A10024303,"영도 센트럴 에일린의뜰",2023,2021,2,1216,"부산광역시 영도구 봉래동4가 69-1 영도 센트럴 에일린의뜰",OK,
8857,"한국아델리움","임동",29170,A50086903,"임동2단지한국아델리움",2005,2007,2,574,"광주광역시 북구 임동 104-8 임동2단지한국아델리움",OK,
9469,"아름마을일신건영","인창동",41310,A47174108,"인창아름마을일신건영1차",2001,1999,2,441,"경기도 구리시 인창동 487-32 인창아름마을일신건영1차",OK,
9921,"우미린뉴시티","후평동",51110,A10025356,"춘천후평우미린뉴시티",2019,2021,2,1745,"강원특별자치도 춘천시 후평동 43 춘천후평우미린뉴시티",OK,
10105,"인덕빌라","인덕동",47111,A79083201,"인덕빌라",1990,1988,2,275,"경상북도 포항남구 인덕동 161-106 인덕빌라",OK,
11157,"대창","율량동",43114,A36082006,"율량대창3차아파트",1993,1995,2,270,"충청북도 청주청원구 율량동 1302 율량대창3차아파트",OK,
11730,"우성","길동",11740,A13481305,"길동우성2차",1996,1994,2,811,"서울특별시 강동구 길동 400 길동우성2차",OK,
11736,"미광하야로비","동해면 약전리",47111,A10021079,"미광하야로비타운",1994,1992,2,192,"경상북도 포항남구 동해면 약전리 366-3 미광하야로비타운",OK,
11855,"지평더웰","영동읍 부용리",43740,A10021922,"지평더웰2차 아파트",2007,2009,2,132,"충청북도 영동군 영동읍 부용리 416-1 지평더웰2차 아파트",OK,
11915,"서초벽산블루밍","서초동",11650,A10022656,"서초벽산블루밍아파트",2008,2006,2,60,"서울특별시 서초구 서초동 1347-20 서초벽산블루밍아파트",OK,
11916,"서호","송천동1가",52113,A56181713,"송천동서호1차",1990,1992,2,480,"전북특별자치도 전주덕진구 송천동1가 337 송천동서호1차",OK,
11927,"올림푸스","신정동",31140,A68083203,"대공원올림푸스골든101동",1986,1988,2,165,"울산광역시 남구 신정동 1656-1 대공원올림푸스골든101동",OK,
12001,"주공","황지동",51190,A23580007,"태백2주공아파트",1983,1985,2,560,"강원특별자치도 태백시 황지동 87-8 태백2주공아파트",OK,
12176,"일신","운암동",29170,A50017019,"운암일신2차아파트",1989,1991,2,750,"광주광역시 북구 운암동 1038-1 운암일신2차아파트",OK,
12201,"명진로얄","봉동읍 장기리",52710,A56570209,"명진로얄2차",1991,1993,2,256,"전북특별자치도 완주군 봉동읍 장기리 273 명진로얄2차",OK,
12202,"무지개","신천동",41390,A68380205,"무지개1차",1995,1993,2,378,"울산광역시 북구 신천동 244 무지개1차",OK,
12390,"삼라미주","도산동",29200,A50602004,"삼라미주.도산청암통합주공아파트",1997,1995,2,310,"광주광역시 광산구 도산동 1297-3 삼라미주.도산청암통합주공아파트",OK,
12540,"무지개","신천동",31200,A68380205,"무지개1차",1995,1993,2,378,"울산광역시 북구 신천동 244 무지개1차",OK,
12553,"정우","화정동",31170,A50284410,"화정우성2차",1989,1987,2,499,"광주광역시 서구 화정동 858-1 화정우성2차",OK,
12560,"봉천동","봉천동",11620,A15192202,"봉천동아제2",2002,2000,2,836,"서울특별시 관악구 봉천동 1703-1 봉천동아제2",OK,
12570,"송파","송파동",11710,A13877501,"송파삼성래미안",2003,2001,2,845,"서울특별시 송파구 송파동 162 송파삼성래미안",OK,
12593,"신화","대현동",27230,A70281901,"대현신화맨션",1992,1994,2,173,"대구광역시 북구 대현동 112-42 대현신화맨션",OK,
12606,"그린","연동",50110,A60877710,"삼익그린타운",2003,2001,2,725,"부산광역시 남구 대연동 245-23 삼익그린타운",OK,
12685,"옥산","옥산동",52210,A71280101,"옥산우방타운",1991,1993,2,764,"경상북도 경산시 옥산동 884-1 옥산우방타운",OK,
12877,"하이","신당동",11140,A10045404,"신당약수하이츠",2001,1999,2,1598,"서울특별시 중구 신당동 842 신당약수하이츠",OK,
13015,"영진로얄","학성동",51130,A22089801,"영진로얄타운",1992,1994,2,239,"강원특별자치도 원주시 학성동 1050 영진로얄타운",OK,
118,"주공1","하안동",41210,A42306001,"하안주공13단지",1989,1990,1,2077,"경기도 광명시 하안동 200 하안주공13단지",OK,
334,"한국","외동",48250,A62175616,"한국2차",1997,1998,1,2250,"경상남도 김해시 외동 1249-4 한국2차",OK,
438,"성당래미안e-편한세상2단지","본리동",27290,A70491211,"성당래미안e-편한세상2단지",2009,2008,1,1608,"대구광역시 달서구 본리동 76-1 성당래미안e-편한세상2단지",OK,
742,"신내","묵동",11260,A13184610,"신내5단지대림두산",1996,1995,1,1244,"서울특별시 중랑구 묵동 20 신내5단지대림두산",OK,
885,"성서6주공","용산동",27290,A70492501,"성서6주공",1997,1998,1,464,"대구광역시 달서구 용산동 414-4 성서6주공",OK,
1212,"한국아파트","신곡동",41150,A48007117,"발곡풍림한국아파트",1999,1998,1,1582,"경기도 의정부시 신곡동 727-1 발곡풍림한국아파트",OK,
1363,"버들마을","유촌동",29140,A50286303,"상무버들마을주공2단지",2000,1999,1,1298,"광주광역시 서구 유촌동 871 상무버들마을주공2단지",OK,
1372,"굴화주공2","무거동",31140,A68019017,"굴화주공2-2",1995,1996,1,480,"울산광역시 남구 무거동 276-1 굴화주공2-2",OK,
1399,"장현주공","진접읍 장현리",41360,A47271413,"남양주장현주공아파트",1999,1998,1,980,"경기도 남양주시 진접읍 장현리 677-1 남양주장현주공아파트",OK,
2096,"대동","사파동",48123,A64182803,"사파대동2차아파트",1988,1989,1,470,"경상남도 창원성산구 사파동 142 사파대동2차아파트",OK,
3224,"신영지웰","복대동",43113,A36175502,"신영지웰시티1차",2009,2010,1,2164,"충청북도 청주흥덕구 복대동 3379 신영지웰시티1차",OK,
3562,"경남","좌동",26350,A61203035,"경남선경아파트",1997,1996,1,1358,"부산광역시 해운대구 좌동 1448 경남선경아파트",OK,
3601,"목포석현서희스타힐스","석현동",46110,A10024557,"목포석현 서희스타힐스아파트",2021,2020,1,1186,"전라남도 목포시 석현동 1181 목포석현 서희스타힐스아파트",OK,
3793,"산들마을","일산동",41287,A41131218,"일산산들마을5단지동문",2005,2004,1,926,"경기도 고양일산서구 일산동 1670 일산산들마을5단지동문",OK,
4003,"청룡","홍도동",30110,A30078103,"청룡아파트",1980,1979,1,425,"대전광역시 동구 홍도동 56-1 청룡아파트",OK,
4024,"휴먼시아","성화동",43112,A36123006,"청주성화휴먼시아4단지",2009,2010,1,861,"충청북도 청주서원구 성화동 708 청주성화휴먼시아4단지",OK,
4194,"한신(137-8)","산곡동",28237,A40383501,"한신(137-8)",1986,1985,1,542,"인천광역시 부평구 산곡동 137-3 한신(137-8)",OK,
4226,"대주","치평동",29140,A50283015,"상무2차라인대주",1998,1997,1,760,"광주광역시 서구 치평동 1171-6 상무2차라인대주",OK,
4484,"오션브릿지","범일동",26170,A10026746,"오션브릿지",2018,2017,1,652,"부산광역시 동구 범일동 1655 오션브릿지",OK,
4682,"율량효성2","율량동",43114,A36082011,"율량효성2차아파트",1997,1996,1,440,"충청북도 청주청원구 율량동 1263 율량효성2차아파트",OK,
4939,"래미안베라힐즈","녹번동",11380,A10025846,"래미안베라힐즈",2019,2018,1,1305,"서울특별시 은평구 녹번동 21-134 래미안베라힐즈",OK,
5121,"힐스테이트녹번","녹번동",11380,A10025836,"힐스테이트녹번",2019,2018,1,952,"서울특별시 은평구 녹번동 282 힐스테이트녹번",OK,
5172,"장미","유천동",30140,A10020793,"유천장미시영아파트",1981,1982,1,280,"대전광역시 중구 유천동 10-1 유천장미시영아파트",OK,
5220,"한우아파트","자산동",48125,A10021509,"한우아파트11.12동",1986,1987,1,160,"경상남도 창원마산합포구 자산동 327-8 한우아파트11.12동",OK,
6113,"평광현대","논공읍 북리",27710,A71185209,"평광현대아파트",1989,1990,1,424,"대구광역시 달성군 논공읍 북리 824-178 평광현대아파트",OK,
6369,"현대2","문흥동",29170,A50011018,"현대2",1995,1994,1,642,"광주광역시 북구 문흥동 971-1 현대2",OK,
7265,"용산우방","용산동",27290,A70492609,"용산우방미진태왕타운",1997,1998,1,544,"대구광역시 달서구 용산동 936 용산우방미진태왕타운",OK,
7315,"하양코아루","하양읍 동서리",47290,A10027081,"경산하양코아루2차",2016,2017,1,441,"경상북도 경산시 하양읍 동서리 1218 경산하양코아루2차",OK,
7336,"평촌래미안푸르지오","비산동",41173,A10024077,"평촌래미안푸르지오아파트",2022,2021,1,1199,"경기도 안양동안구 비산동 413-1 평촌래미안푸르지오아파트",OK,
8133,"신한","간석동",28200,A10021033,"신한국아파트",1990,1989,1,132,"인천광역시 남동구 간석동 387- 신한국아파트",OK,
8180,"송현2주공","송현동",47170,A76075106,"송현2주공아파트",1991,1990,1,940,"경상북도 안동시 송현동 295 송현2주공아파트",OK,
8213,"현대","중동",11440,A12187905,"마포중동현대",2000,2001,1,477,"서울특별시 마포구 중동 392 마포중동현대",OK,
8366,"장암더샵포레스트","장암동",41150,A10025076,"장암 더 샵 포레스트",2021,2020,1,677,"경기도 의정부시 장암동 34-2 장암 더 샵 포레스트",OK,
8393,"일루미스테이트","범박동",41194,A10023362,"부천일루미스테이트",2024,2023,1,3724,"경기도 부천소사구 범박동 327 부천일루미스테이트",OK,
8975,"삼정아파트","봉명동",43113,A10021058,"삼정아파트",1988,1989,1,150,"충청북도 청주흥덕구 봉명동 90-8 삼정아파트",OK,
9487,"강서베리굿","강서동",43113,A10027345,"강서베리굿2차",2015,2016,1,285,"충청북도 청주흥덕구 강서동 482 강서베리굿2차",OK,
9520,"응암역효성해링턴플레이스","신사동",11380,A10025659,"응암역효성해링턴플레이스",2019,2018,1,380,"서울특별시 은평구 신사동 372 응암역효성해링턴플레이스",OK,
9942,"대공원호반베르디움","두왕동",31140,A10025046,"대공원호반베르디움2차",2019,2020,1,561,"울산광역시 남구 두왕동 747-2 대공원호반베르디움2차",OK,
9963,"우장산롯데","화곡동",11500,A15701602,"우장산롯데캐슬",2004,2003,1,1164,"서울특별시 강서구 화곡동 1145 우장산롯데캐슬",OK,
10050,"동남","계산동",28245,A40780004,"계산 동남 아파트",1989,1990,1,336,"인천광역시 계양구 계산동 55-1 계산 동남 아파트",OK,
10126,"한양3","압구정동",11680,A13590602,"압구정한양3단지",1978,1979,1,582,"서울특별시 강남구 압구정동 513 압구정한양3단지",OK,
10847,"시티프라디움","가좌동",48170,A10025172,"SKY시티프라디움",2020,2019,1,869,"경상남도 진주시 가좌동 1958 SKY시티프라디움",OK,
10930,"우남2","호원동",41150,A48002037,"호원우남2차",1997,1996,1,411,"경기도 의정부시 호원동 422 호원우남2차",OK,
11337,"강선마을6단지금호","주엽동",41287,A41137111,"주엽강선마을6단지금호한양",1994,1995,1,556,"경기도 고양일산서구 주엽동 50 주엽강선마을6단지금호한양",OK,
11452,"부평캐슬&더샵퍼스트","산곡동",28237,A10022904,"부평캐슬&더샵퍼스트",2024,2023,1,1623,"인천광역시 부평구 산곡동 550- 부평캐슬&더샵퍼스트",OK,
11560,"양곡","신촌동",48123,A64137004,"양곡상가아파트",1978,1979,1,330,"경상남도 창원성산구 신촌동 22-1 양곡상가아파트",OK,
11686,"김해푸르지오하이엔드","안동",48250,A10022467,"김해푸르지오하이엔드2차아파트",2023,2024,1,1380,"경상남도 김해시 안동 - 김해푸르지오하이엔드2차아파트",OK,
11692,"장수마을","신월동",11470,A10021748,"장수마을동원데쟈뷰아파트",2008,2007,1,118,"서울특별시 양천구 신월동 1049- 장수마을동원데쟈뷰아파트",OK,
11725,"세종","오정동",41196,A42181402,"오정세종2차",1994,1995,1,384,"경기도 부천오정구 오정동 179 오정세종2차",OK,
11750,"동남","포남동",51150,A10021286,"동남아파트 3,4동",1985,1986,1,120,"강원특별자치도 강릉시 포남동 1005-253 동남아파트 3,4동",OK,
11923,"동대구2차비스타동원","효목동",27140,A10023299,"동대구2차비스타동원",2024,2023,1,627,"대구광역시 동구 효목동 1322 동대구2차비스타동원",OK,
11945,"삼익세라믹","태화동",31110,A10020760,"삼익세라믹아파트103동",1990,1991,1,120,"울산광역시 중구 태화동 150-7 삼익세라믹아파트103동",OK,
12051,"애필리움","응암동",11380,A10027547,"애필리움아파트",2006,2007,1,78,"서울특별시 은평구 응암동 113-35 애필리움아파트",OK,
12059,"대봉교역금호어울림에듀리버","이천동",27200,A10023044,"대봉교역 금호어울림 에듀리버",2024,2023,1,433,"대구광역시 남구 이천동 281-1 대봉교역 금호어울림 에듀리버",OK,
12069,"코스모스","대명동",27200,A10020654,"우방 코스모스 아파트",1982,1981,1,264,"대구광역시 남구 대명동 1111- 우방 코스모스 아파트",OK,
12100,"율곡","법원읍 가야리",41480,A41387101,"율곡2차",1993,1994,1,180,"경기도 파주시 법원읍 가야리 30-2 율곡2차",OK,
12253,"장미","수안동",26260,A10022350,"제일장미아파트",1979,1978,1,139,"부산광역시 동래구 수안동 8-1 제일장미아파트",OK,
12363,"풍림","삼성동",11680,A13509003,"삼성풍림아파트1차",1997,1998,1,252,"서울특별시 강남구 삼성동 106 삼성풍림아파트1차",OK,
12434,"대원","목동",11470,A15805404,"목동대원칸타빌2,3단지",2002,2003,1,511,"서울특별시 양천구 목동 941 목동대원칸타빌2,3단지",OK,
12526,"태화송림","송천동2가",52113,A10026394,"태화송림타워",1992,1991,1,135,"전북특별자치도 전주덕진구 송천동2가 193 태화송림타워",OK,
12551,"대림","석동",48129,A41036016,"백석백송마을2단지대림",1992,1993,1,862,"경기도 고양일산동구 백석동 1186 백석백송마을2단지대림",OK,
11832,"신월2차미소지움","신월동",11470,A15809003,"신월2차미소지움",2005,,,99,"서울특별시 양천구 신월동 1040 신월2차미소지움",검토필요,
11851,"임광하이츠1동","가양동",30110,A30009003,"임광하이츠1동",1989,,,64,"대전광역시 동구 가양동 29-3 임광하이츠1동",검토필요,
12200,"로얄팰리스스위트","수송동",11110,A11014001,"로얄팰리스스위트",2005,,,23,"서울특별시 종로구 수송동 85 로얄팰리스스위트",검토필요,